{"stats":{"minecraft:killed":{"mekanismadditions:baby_skeleton":1},"minecraft:picked_up":{"minecraft:arrow":2,"minecraft:bone":2,"minecraft:dirt":8},"minecraft:custom":{"minecraft:jump":28,"minecraft:time_since_rest":2447,"minecraft:leave_game":1,"minecraft:damage_dealt":199,"minecraft:sprint_one_cm":827,"minecraft:play_time":2447,"minecraft:damage_taken":260,"minecraft:time_since_death":2447,"minecraft:walk_one_cm":9020,"minecraft:total_world_time":2447,"minecraft:mob_kills":1,"minecraft:fly_one_cm":1097},"minecraft:mined":{"minecraft:grass_block":8},"minecraft:used":{"minecraft:dirt":5}},"DataVersion":3465}